precio,area,habitaciones,ba√±os,antiguedad,estrato,parqueadero,ascensor,barrio,cercania_equipamientos,tasa_desempleo_sector
204505283,117.5,3,1,10,3,0,0,Villa Miriam,436.2,0.128
293425818,141.2,1,1,20,6,0,1,Rosario,284.0,0.041
292347004,106.2,6,3,17,3,0,0,Villa Miriam,433.6,0.108
142084196,104.4,1,1,7,2,1,0,Los Fundadores,436.4,0.146
321070550,123.1,6,3,14,4,1,1,Novalito,204.0,0.108
210796983,87.8,3,1,28,3,0,1,Villa Miriam,378.0,0.132
254946807,143.4,1,1,27,5,0,1,Los Cortijos,425.5,0.09
206723254,93.4,4,2,13,3,0,0,Villa Miriam,330.4,0.104
176842145,97.7,3,1,3,2,0,0,Los Fundadores,403.4,0.16
156142391,77.9,5,2,29,1,0,0,La Nevada,499.8,0.133
286576631,136.1,1,1,12,6,0,1,Rosario,346.1,0.037
194504666,104.1,3,1,11,3,1,0,Villa Miriam,421.1,0.099
152959248,91.5,1,1,36,1,0,0,La Nevada,506.7,0.147
180761947,119.5,1,1,16,1,0,0,La Nevada,356.0,0.168
283823155,116.8,3,1,19,5,1,1,Los Cortijos,357.7,0.118
167516234,79.2,5,2,22,1,0,0,La Nevada,523.0,0.127
203623588,90.2,5,2,34,1,0,0,La Nevada,587.8,0.134
267431427,132.8,4,2,1,4,0,0,Novalito,578.9,0.125
221185776,88.7,5,2,21,2,1,0,Los Fundadores,387.0,0.128
173960489,94.2,4,2,18,1,0,0,La Nevada,632.7,0.104
323541408,134.9,5,2,20,5,1,1,Los Cortijos,400.7,0.054
223619565,136.4,2,1,21,4,1,0,Novalito,366.5,0.089
338731738,146.7,3,1,6,6,1,0,Rosario,477.9,0.117
170126408,103.5,2,1,22,2,0,0,Los Fundadores,517.6,0.133
342771925,135.3,5,2,31,5,1,1,Los Cortijos,162.0,0.127
260600179,120.2,3,1,25,4,1,0,Novalito,444.2,0.12
150979360,82.0,1,1,24,2,0,0,Los Fundadores,466.5,0.172
140691617,67.2,2,1,13,1,1,1,La Nevada,501.6,0.154
215558342,112.8,1,1,4,4,0,0,Novalito,190.6,0.174
276871340,114.6,7,3,36,2,0,0,Los Fundadores,654.4,0.107
245829191,126.8,1,1,34,6,1,1,Rosario,230.1,0.121
171048629,81.4,4,2,24,2,0,0,Los Fundadores,417.5,0.141
285550793,93.2,7,3,16,4,1,0,Novalito,277.9,0.079
314338407,135.9,3,1,4,5,1,1,Los Cortijos,337.5,0.123
191239316,109.4,1,1,38,2,0,1,Los Fundadores,562.8,0.136
255689424,133.3,4,2,26,4,0,1,Novalito,449.6,0.081
278869622,109.2,4,2,2,4,1,0,Novalito,378.7,0.142
292847431,129.7,4,2,24,4,0,0,Novalito,453.6,0.111
248576242,107.1,4,2,2,2,0,1,Los Fundadores,505.4,0.128
181672780,88.2,2,1,27,3,1,0,Villa Miriam,528.4,0.082
276391387,118.6,5,2,1,3,1,0,Villa Miriam,547.1,0.095
239171969,111.0,4,2,26,1,0,1,La Nevada,505.3,0.147
200809621,94.8,4,2,8,1,1,0,La Nevada,569.3,0.113
245721838,135.9,1,1,25,4,1,0,Novalito,554.1,0.1
264862708,91.6,7,3,17,2,0,0,Los Fundadores,753.9,0.125
393178860,162.5,6,3,19,6,1,0,Rosario,307.4,0.049
185516750,90.4,1,1,15,3,1,1,Villa Miriam,517.0,0.098
251965934,131.2,3,1,18,4,0,0,Novalito,370.9,0.105
217454961,125.2,2,1,25,2,0,1,Los Fundadores,738.2,0.14
279440273,142.8,2,1,21,5,1,0,Los Cortijos,288.0,0.136
124696958,96.0,2,1,17,1,0,0,La Nevada,471.5,0.124
303316899,137.2,2,1,24,6,0,1,Rosario,295.2,0.111
172219375,76.9,4,2,36,1,0,0,La Nevada,549.7,0.102
226692079,120.4,1,1,5,4,1,0,Novalito,412.7,0.126
275963674,136.9,5,2,25,3,0,0,Villa Miriam,442.5,0.087
150024147,113.9,2,1,35,3,0,0,Villa Miriam,359.6,0.105
216382840,140.0,2,1,36,3,1,1,Villa Miriam,648.4,0.168
250230776,106.8,5,2,34,3,1,0,Villa Miriam,466.0,0.143
134845047,95.1,1,1,20,1,1,0,La Nevada,508.8,0.155
407923372,152.3,7,3,16,6,0,1,Rosario,129.3,0.108
170601435,76.7,3,1,14,1,0,0,La Nevada,578.7,0.15
254630065,144.6,1,1,1,5,0,0,Los Cortijos,422.1,0.121
244916983,106.0,2,1,11,3,0,1,Villa Miriam,352.1,0.147
303075315,120.8,4,2,25,3,0,1,Villa Miriam,606.8,0.124
237004762,97.0,6,3,27,2,0,1,Los Fundadores,504.7,0.123
300736359,134.0,3,1,14,6,1,1,Rosario,257.1,0.111
180863917,102.8,3,1,16,1,0,1,La Nevada,317.9,0.136
151642148,92.1,0,1,32,3,0,0,Villa Miriam,477.7,0.1
190695915,108.0,3,1,22,4,1,0,Novalito,383.5,0.101
347432556,118.5,6,3,29,6,1,1,Rosario,446.5,0.096
221737594,127.8,3,1,27,5,0,0,Los Cortijos,402.8,0.124
215257920,98.4,4,2,27,3,1,1,Villa Miriam,387.6,0.136
294744753,143.5,3,1,17,6,1,1,Rosario,325.3,0.097
276144523,143.9,3,1,22,5,1,0,Los Cortijos,331.5,0.124
313527612,144.2,3,1,29,5,1,0,Los Cortijos,313.9,0.093
376193608,172.3,4,2,33,6,1,1,Rosario,367.2,0.057
216254866,130.1,2,1,20,2,1,0,Los Fundadores,571.8,0.112
302585875,128.5,5,2,0,5,1,1,Los Cortijos,579.8,0.088
325390865,116.2,6,3,32,5,1,1,Los Cortijos,214.8,0.106
253819507,125.6,3,1,39,4,1,0,Novalito,295.1,0.12
123046916,83.7,2,1,16,2,0,0,Los Fundadores,592.9,0.134
371904248,145.7,6,3,25,6,1,1,Rosario,361.1,0.092
232383880,100.7,2,1,7,5,0,0,Los Cortijos,322.1,0.123
166629346,103.0,1,1,30,3,0,0,Villa Miriam,538.7,0.14
127554376,52.1,3,1,21,1,0,0,La Nevada,679.8,0.145
337736469,121.2,6,3,15,4,0,0,Novalito,506.5,0.101
306495838,153.7,1,1,13,5,1,0,Los Cortijos,297.7,0.113
268188003,136.9,1,1,23,5,1,0,Los Cortijos,325.0,0.087
279665783,104.1,5,2,7,2,0,0,Los Fundadores,505.0,0.136
318357312,130.4,3,1,4,6,0,1,Rosario,246.9,0.14
389513524,114.5,7,3,3,6,1,1,Rosario,317.7,0.083
297449034,148.2,2,1,14,6,1,1,Rosario,408.4,0.091
338710303,123.6,7,3,12,3,0,0,Villa Miriam,453.6,0.14
186232140,100.3,2,1,22,3,1,0,Villa Miriam,498.1,0.125
167971129,107.8,1,1,26,4,0,0,Novalito,486.2,0.125
307383622,142.4,4,2,14,4,0,1,Novalito,421.4,0.114
287311594,137.2,3,1,25,6,1,0,Rosario,259.5,0.13
185410937,94.4,2,1,31,4,0,0,Novalito,538.3,0.076
288896311,121.6,3,1,13,6,1,1,Rosario,282.2,0.053
240648783,127.5,4,2,15,3,0,1,Villa Miriam,357.1,0.117
350442359,124.4,5,2,29,5,1,1,Los Cortijos,352.3,0.086
220820624,119.4,1,1,1,4,0,0,Novalito,256.9,0.104
233826915,107.4,4,2,37,3,0,0,Villa Miriam,381.2,0.108
226743745,132.4,0,1,21,5,1,1,Los Cortijos,258.8,0.101
202387346,102.9,3,1,14,3,1,1,Villa Miriam,557.5,0.126
381793072,157.2,5,2,19,5,1,1,Los Cortijos,385.8,0.098
252108005,135.3,4,2,35,3,0,0,Villa Miriam,404.0,0.109
263735245,120.3,2,1,34,6,1,1,Rosario,419.8,0.1
163372783,107.0,4,2,31,1,0,1,La Nevada,522.5,0.171
216230921,119.8,3,1,2,2,0,0,Los Fundadores,543.9,0.117
282699309,137.4,3,1,4,5,1,1,Los Cortijos,376.1,0.096
117914020,113.1,1,1,16,1,0,0,La Nevada,730.4,0.156
329524313,156.6,3,1,2,6,1,1,Rosario,229.2,0.129
252228127,107.5,3,1,27,3,1,0,Villa Miriam,335.5,0.114
272599892,135.7,3,1,13,5,1,1,Los Cortijos,393.0,0.097
123631463,87.2,1,1,19,1,0,0,La Nevada,594.8,0.158
252820694,135.0,3,1,15,4,0,0,Novalito,110.4,0.102
329717339,119.2,5,2,29,5,1,1,Los Cortijos,398.4,0.104
285516047,136.6,3,1,25,4,1,1,Novalito,518.7,0.078
180175202,105.0,1,1,33,3,0,0,Villa Miriam,470.6,0.141
154311782,110.8,2,1,6,2,1,0,Los Fundadores,563.5,0.104
281124728,116.7,3,1,25,5,1,1,Los Cortijos,505.3,0.125
281382267,167.1,5,2,36,4,1,0,Novalito,403.3,0.13
341230593,152.8,4,2,14,6,1,0,Rosario,397.9,0.075
221876179,94.6,3,1,15,4,1,0,Novalito,390.2,0.116
300103761,131.4,3,1,35,5,1,1,Los Cortijos,481.4,0.091
106146986,85.0,0,1,21,2,0,0,Los Fundadores,506.8,0.116
272831468,99.0,5,2,18,4,0,0,Novalito,575.0,0.122
152699904,106.3,1,1,33,3,0,0,Villa Miriam,337.2,0.109
178420102,79.5,3,1,24,1,0,1,La Nevada,485.7,0.124
317081163,155.2,3,1,25,5,1,0,Los Cortijos,294.6,0.085
376225144,157.0,4,2,1,6,0,1,Rosario,471.6,0.063
306854358,155.3,2,1,1,5,0,1,Los Cortijos,437.1,0.133
90542496,79.4,2,1,30,1,0,1,La Nevada,544.4,0.109
216506707,85.0,2,1,19,4,0,0,Novalito,350.1,0.112
313723997,128.8,5,2,32,6,1,1,Rosario,322.5,0.059
185790725,90.9,4,2,21,1,0,0,La Nevada,388.9,0.132
288659401,113.4,5,2,20,4,1,1,Novalito,516.6,0.124
329569026,129.2,4,2,2,6,0,0,Rosario,562.9,0.074
232141041,144.3,1,1,11,5,0,1,Los Cortijos,11.2,0.101
291812337,115.9,4,2,4,5,0,1,Los Cortijos,335.6,0.103
271954774,130.8,2,1,38,6,1,1,Rosario,269.8,0.078
231076709,114.3,4,2,26,2,0,0,Los Fundadores,542.5,0.148
233354018,129.6,1,1,14,5,1,1,Los Cortijos,332.6,0.109
253733515,124.0,2,1,31,3,0,1,Villa Miriam,400.6,0.081
209442282,92.1,3,1,28,3,0,0,Villa Miriam,446.0,0.107
255075608,120.9,2,1,39,5,1,1,Los Cortijos,532.6,0.115
134148968,109.5,0,1,23,1,0,1,La Nevada,706.2,0.139
180109732,121.9,2,1,19,3,0,0,Villa Miriam,572.8,0.1
266151552,140.2,2,1,29,5,0,1,Los Cortijos,465.8,0.084
346492817,144.2,4,2,35,5,0,0,Los Cortijos,353.5,0.109
287839109,110.3,6,3,14,4,1,0,Novalito,492.8,0.105
146355803,67.5,1,1,19,2,1,1,Los Fundadores,597.4,0.136
338502298,132.9,7,3,6,4,1,1,Novalito,341.7,0.132
95796643,94.4,1,1,20,1,0,0,La Nevada,378.3,0.141
204793571,107.4,3,1,18,2,1,1,Los Fundadores,572.4,0.15
359765652,122.1,5,2,33,6,1,1,Rosario,276.7,0.104
300334100,132.3,2,1,25,6,0,0,Rosario,189.0,0.105
211682246,109.5,2,1,3,2,0,0,Los Fundadores,547.5,0.096
162741700,135.2,0,1,37,3,1,1,Villa Miriam,374.9,0.091
308609577,130.4,2,1,3,5,1,1,Los Cortijos,457.5,0.132
176001518,85.1,5,2,35,2,1,0,Los Fundadores,538.6,0.117
149025498,111.6,1,1,5,2,0,0,Los Fundadores,588.2,0.125
105959362,84.4,2,1,9,1,0,1,La Nevada,658.9,0.143
349940150,134.8,4,2,20,5,1,1,Los Cortijos,335.2,0.099
166303892,124.9,2,1,30,2,0,0,Los Fundadores,454.3,0.111
340078667,124.0,4,2,17,6,0,1,Rosario,106.3,0.042
140752932,111.1,0,1,10,2,0,0,Los Fundadores,471.9,0.099
269176738,131.9,4,2,32,4,1,0,Novalito,274.6,0.123
287895249,145.3,3,1,21,5,1,1,Los Cortijos,616.3,0.111
287762949,123.6,2,1,15,6,1,1,Rosario,278.2,0.076
300034084,161.0,2,1,31,6,1,1,Rosario,305.7,0.113
340890369,118.3,7,3,24,6,1,1,Rosario,309.5,0.075
298029327,132.2,2,1,4,6,0,1,Rosario,420.8,0.053
355025239,135.4,5,2,19,5,1,1,Los Cortijos,486.8,0.069
186708422,148.2,0,1,7,3,0,0,Villa Miriam,468.3,0.116
280311873,99.0,8,4,37,3,0,0,Villa Miriam,470.4,0.128
190304235,112.5,3,1,37,4,1,0,Novalito,455.9,0.104
308033977,117.5,4,2,20,4,1,1,Novalito,530.6,0.098
181145511,103.7,2,1,21,2,0,0,Los Fundadores,542.1,0.12
214528328,125.2,0,1,38,5,1,1,Los Cortijos,282.5,0.096
223958780,115.0,1,1,13,4,0,0,Novalito,443.3,0.116
274138053,124.3,3,1,18,5,0,1,Los Cortijos,236.1,0.089
431478783,145.0,6,3,6,6,0,1,Rosario,319.0,0.101
127697892,88.4,1,1,35,2,1,0,Los Fundadores,709.1,0.13
207152243,122.0,3,1,3,3,0,0,Villa Miriam,288.4,0.096
245234945,128.6,2,1,20,3,0,1,Villa Miriam,461.5,0.127
226463743,104.0,5,2,11,2,0,1,Los Fundadores,564.2,0.11
167620859,111.5,2,1,3,1,0,0,La Nevada,522.8,0.148
344668277,162.2,3,1,16,6,1,1,Rosario,361.1,0.086
134463103,62.5,3,1,19,2,1,0,Los Fundadores,346.7,0.124
345873400,144.8,4,2,16,6,1,1,Rosario,434.0,0.112
218956468,128.5,2,1,0,2,0,0,Los Fundadores,493.9,0.137
290724619,122.6,5,2,29,3,1,1,Villa Miriam,333.5,0.152
236939443,126.0,2,1,27,5,1,0,Los Cortijos,260.9,0.067
223829834,92.1,5,2,8,2,0,0,Los Fundadores,650.6,0.118
259092445,122.8,0,1,11,6,1,1,Rosario,310.9,0.079
242449401,102.4,5,2,34,2,1,0,Los Fundadores,397.2,0.135
162991654,81.6,3,1,10,1,0,0,La Nevada,417.1,0.172
259989302,115.2,2,1,0,5,1,1,Los Cortijos,498.2,0.101
203258874,98.8,1,1,37,4,0,0,Novalito,521.3,0.115
116593282,75.9,2,1,23,1,0,0,La Nevada,564.2,0.131
308462471,138.7,1,1,14,6,1,1,Rosario,263.0,0.082
180023975,92.9,3,1,16,2,0,0,Los Fundadores,271.3,0.106
343135462,156.0,4,2,20,5,1,1,Los Cortijos,573.1,0.101
285059187,144.4,3,1,16,5,0,1,Los Cortijos,167.5,0.121
352029527,165.8,4,2,26,6,0,0,Rosario,271.3,0.112
133589921,94.6,1,1,19,1,0,1,La Nevada,510.8,0.122
270042956,119.2,4,2,26,4,1,0,Novalito,564.2,0.131
260297221,119.2,5,2,16,4,0,0,Novalito,428.6,0.094
305813560,153.3,3,1,20,6,1,0,Rosario,378.9,0.072
205013957,112.0,0,1,0,4,1,0,Novalito,485.7,0.114
135239103,80.7,2,1,3,1,0,1,La Nevada,581.3,0.124
54127990,61.6,0,1,33,1,0,0,La Nevada,571.3,0.108
333726359,128.5,6,3,29,6,0,1,Rosario,206.0,0.117
93341444,54.7,2,1,31,2,0,0,Los Fundadores,518.4,0.115
200641844,107.9,3,1,30,2,1,1,Los Fundadores,326.2,0.12
255646484,127.7,0,1,28,6,1,1,Rosario,412.1,0.083
278771557,142.4,2,1,18,5,1,0,Los Cortijos,263.3,0.117
164697749,88.3,3,1,22,1,0,0,La Nevada,614.1,0.168
336844752,154.5,5,2,18,6,0,0,Rosario,423.6,0.09
183103357,114.7,1,1,13,2,0,1,Los Fundadores,469.1,0.124
192940708,67.5,6,3,33,2,0,0,Los Fundadores,633.9,0.137
299264506,134.8,2,1,12,6,1,1,Rosario,496.5,0.055
168160751,87.1,0,1,35,3,0,1,Villa Miriam,336.6,0.103
233596602,116.2,2,1,25,4,0,0,Novalito,444.4,0.124
176054857,116.6,1,1,29,3,0,1,Villa Miriam,452.0,0.082
261356228,128.7,3,1,35,3,0,0,Villa Miriam,367.7,0.13
231551178,135.6,2,1,39,5,1,1,Los Cortijos,465.3,0.098
297876174,127.4,5,2,14,5,1,0,Los Cortijos,516.1,0.113
376068869,142.5,6,3,10,5,1,1,Los Cortijos,375.2,0.095
281508531,144.8,2,1,4,5,1,1,Los Cortijos,342.4,0.098
339986382,135.5,7,3,30,4,1,1,Novalito,321.4,0.082
315811957,103.6,7,3,24,3,0,1,Villa Miriam,508.9,0.104
177304703,87.5,5,2,29,2,0,0,Los Fundadores,658.3,0.135
113006590,89.9,0,1,9,1,0,0,La Nevada,706.2,0.167
180777263,110.9,2,1,28,3,0,0,Villa Miriam,317.7,0.113
313398538,151.2,3,1,19,6,1,1,Rosario,281.9,0.088
447350752,151.7,8,4,10,6,0,1,Rosario,156.0,0.068
378213321,165.3,4,2,6,6,0,0,Rosario,247.3,0.086
198278586,98.1,2,1,18,2,0,1,Los Fundadores,651.1,0.102
141834576,100.2,1,1,26,1,0,0,La Nevada,513.5,0.161
243330752,105.7,4,2,5,4,1,0,Novalito,442.3,0.095
244711119,114.6,0,1,3,5,0,1,Los Cortijos,275.1,0.124
160805994,96.2,2,1,26,2,1,1,Los Fundadores,613.4,0.102
305845170,143.8,3,1,31,6,1,0,Rosario,456.9,0.101
246259974,106.2,3,1,24,5,1,0,Los Cortijos,429.3,0.076
168218781,105.9,2,1,33,3,0,1,Villa Miriam,472.0,0.094
207970786,115.9,4,2,31,2,0,0,Los Fundadores,593.8,0.135
241061359,136.1,2,1,5,4,1,0,Novalito,436.3,0.11
215859833,110.5,3,1,9,2,0,0,Los Fundadores,542.1,0.1
93949060,90.1,0,1,13,1,0,0,La Nevada,685.3,0.141
314280946,115.0,4,2,32,5,1,1,Los Cortijos,239.8,0.078
285340783,127.7,5,2,28,5,1,1,Los Cortijos,295.2,0.09
335575868,110.1,4,2,26,5,1,1,Los Cortijos,357.7,0.108
247343348,131.1,3,1,26,4,1,0,Novalito,536.5,0.099
186591025,125.1,2,1,2,2,0,0,Los Fundadores,634.0,0.169
151957306,101.7,1,1,3,1,0,1,La Nevada,802.4,0.151
224869054,105.9,3,1,3,2,0,0,Los Fundadores,367.4,0.145
159699879,87.5,4,2,20,2,0,0,Los Fundadores,569.8,0.121
234519319,136.2,3,1,22,3,1,0,Villa Miriam,588.1,0.119
177158205,96.3,2,1,15,2,1,0,Los Fundadores,569.8,0.138
221984304,89.0,4,2,16,3,0,0,Villa Miriam,470.7,0.086
182109775,102.2,4,2,37,1,0,0,La Nevada,523.0,0.151
203476335,112.8,0,1,3,4,1,0,Novalito,222.6,0.101
129893141,79.8,1,1,0,1,0,1,La Nevada,459.8,0.17
196743596,112.1,2,1,11,2,1,0,Los Fundadores,554.6,0.087
207363722,105.7,4,2,38,1,1,0,La Nevada,503.3,0.131
249733898,131.7,4,2,8,3,1,0,Villa Miriam,460.6,0.131
86264451,83.7,1,1,1,1,0,0,La Nevada,520.5,0.147
278663191,115.2,4,2,33,5,1,1,Los Cortijos,171.7,0.072
235921755,115.3,3,1,0,2,1,0,Los Fundadores,708.8,0.175
360431447,139.4,5,2,2,6,1,1,Rosario,493.1,0.084
245436256,149.3,3,1,27,3,0,0,Villa Miriam,338.8,0.141
129323509,84.8,2,1,18,1,0,0,La Nevada,522.5,0.124
170292205,108.6,2,1,21,1,0,1,La Nevada,504.3,0.153
127082722,95.4,3,1,28,1,0,0,La Nevada,553.4,0.127
311579529,110.6,5,2,1,4,0,0,Novalito,381.5,0.115
206011499,130.9,3,1,36,3,1,0,Villa Miriam,491.5,0.152
263071080,112.8,2,1,20,5,0,0,Los Cortijos,189.0,0.137
137943222,88.6,2,1,39,1,0,0,La Nevada,428.3,0.148
324219951,145.7,3,1,31,6,1,1,Rosario,460.9,0.134
350897612,117.8,6,3,14,5,0,1,Los Cortijos,423.4,0.115
274923806,113.8,4,2,5,4,1,0,Novalito,349.3,0.145
219949045,138.5,3,1,37,3,1,0,Villa Miriam,377.7,0.143
236261914,125.5,2,1,12,4,1,1,Novalito,431.6,0.134
254664171,112.8,2,1,13,6,0,0,Rosario,364.1,0.075
289573214,116.9,4,2,28,4,0,0,Novalito,400.5,0.094
292601897,127.5,4,2,20,4,0,0,Novalito,260.1,0.123
205072649,91.1,4,2,20,2,0,1,Los Fundadores,512.4,0.134
325755413,131.4,4,2,16,5,0,1,Los Cortijos,275.1,0.131
257752059,126.2,4,2,36,4,0,0,Novalito,446.3,0.113
247732797,122.9,2,1,16,4,0,0,Novalito,316.4,0.117
247679847,116.4,3,1,8,3,0,1,Villa Miriam,415.9,0.125
129424817,99.5,1,1,19,2,0,0,Los Fundadores,545.5,0.163
164550808,95.1,3,1,19,2,1,0,Los Fundadores,565.6,0.128
138760912,105.0,1,1,22,2,0,0,Los Fundadores,502.1,0.11
217368708,104.3,2,1,36,3,1,0,Villa Miriam,392.0,0.137
203585139,108.9,3,1,22,3,1,0,Villa Miriam,328.3,0.138
168602597,88.2,4,2,14,1,1,1,La Nevada,486.4,0.143
274064571,130.2,5,2,17,5,1,1,Los Cortijos,314.8,0.109
312759958,110.6,7,3,37,3,0,1,Villa Miriam,584.5,0.119
346785254,142.7,5,2,9,5,1,1,Los Cortijos,330.4,0.124
247627518,112.0,2,1,19,4,1,0,Novalito,448.4,0.121
217126405,110.4,2,1,7,4,0,1,Novalito,445.8,0.091
227944345,114.4,3,1,1,3,0,0,Villa Miriam,431.3,0.127
192029693,111.9,3,1,16,1,0,0,La Nevada,462.8,0.14
267750936,130.2,1,1,8,6,0,1,Rosario,300.2,0.089
130752383,81.5,2,1,0,1,0,1,La Nevada,583.0,0.142
207262311,82.7,5,2,7,2,0,0,Los Fundadores,560.6,0.126
278481199,121.4,4,2,1,4,0,0,Novalito,425.2,0.066
130085736,86.2,3,1,18,1,0,0,La Nevada,614.9,0.138
140210218,77.7,3,1,3,1,1,1,La Nevada,424.9,0.156
137377148,76.8,2,1,23,1,0,0,La Nevada,424.0,0.156
227434684,133.0,2,1,14,4,1,0,Novalito,416.7,0.127
150119358,84.2,2,1,0,1,0,0,La Nevada,645.4,0.143
101261656,93.4,1,1,37,1,0,0,La Nevada,575.5,0.148
174405372,107.3,2,1,22,1,0,0,La Nevada,732.2,0.145
206432191,101.0,2,1,10,1,0,1,La Nevada,578.9,0.117
221196082,142.7,0,1,29,4,0,0,Novalito,460.2,0.116
291318140,135.9,3,1,20,5,1,1,Los Cortijos,509.1,0.07
323520031,130.4,4,2,34,5,1,1,Los Cortijos,369.7,0.088
109771548,67.2,2,1,14,1,0,0,La Nevada,266.8,0.103
295618387,132.9,1,1,4,5,1,1,Los Cortijos,394.9,0.124
308668944,138.1,3,1,34,5,1,1,Los Cortijos,328.9,0.056
216620037,116.0,3,1,31,3,0,0,Villa Miriam,492.8,0.085
284289864,129.4,1,1,15,6,1,1,Rosario,205.8,0.06
226988763,126.3,6,3,34,2,1,0,Los Fundadores,501.8,0.107
108492047,94.5,0,1,3,1,0,0,La Nevada,625.3,0.109
377478973,114.2,7,3,16,6,0,1,Rosario,336.2,0.111
258440016,128.1,3,1,11,5,0,1,Los Cortijos,408.0,0.109
315956221,129.3,3,1,24,6,0,0,Rosario,197.1,0.069
101391713,83.1,0,1,10,1,1,0,La Nevada,454.7,0.15
189107120,107.9,0,1,10,3,0,1,Villa Miriam,524.0,0.129
252973320,113.5,3,1,25,5,1,0,Los Cortijos,268.8,0.109
110479902,102.7,0,1,11,1,0,1,La Nevada,337.3,0.126
246211640,134.4,1,1,28,6,0,1,Rosario,278.4,0.071
320359586,142.6,5,2,20,5,0,0,Los Cortijos,387.0,0.097
266148111,117.9,2,1,35,5,1,1,Los Cortijos,215.4,0.088
117591205,71.0,1,1,37,1,1,0,La Nevada,440.7,0.15
232493904,104.4,2,1,3,3,1,1,Villa Miriam,568.2,0.132
159762391,105.8,2,1,9,1,0,0,La Nevada,572.4,0.163
203892917,123.9,2,1,11,3,1,0,Villa Miriam,504.3,0.133
275582173,148.8,1,1,39,6,1,0,Rosario,260.4,0.104
271547538,127.4,3,1,19,3,0,1,Villa Miriam,323.1,0.088
255472948,107.9,5,2,1,1,0,0,La Nevada,597.8,0.172
169758387,98.4,1,1,13,3,0,0,Villa Miriam,450.1,0.123
222440307,76.1,4,2,15,2,1,0,Los Fundadores,587.4,0.154
191463742,117.5,2,1,16,2,0,0,Los Fundadores,375.4,0.115
188216025,123.0,2,1,30,2,0,0,Los Fundadores,434.3,0.157
301211717,163.4,4,2,31,6,1,0,Rosario,191.3,0.118
295517552,149.2,3,1,5,5,1,1,Los Cortijos,383.8,0.127
264285118,118.2,5,2,12,5,0,0,Los Cortijos,384.6,0.098
150812141,80.5,2,1,25,1,1,0,La Nevada,620.4,0.153
295479256,128.7,1,1,10,6,1,1,Rosario,295.5,0.068
416692014,153.7,7,3,25,6,0,1,Rosario,145.4,0.091
437500003,144.8,8,4,22,6,0,1,Rosario,317.5,0.053
75794492,87.9,0,1,13,1,1,0,La Nevada,684.0,0.117
273288938,113.1,3,1,22,6,1,0,Rosario,164.5,0.084
172155976,101.5,2,1,32,3,1,0,Villa Miriam,373.4,0.13
325635644,152.5,5,2,26,4,1,1,Novalito,519.1,0.131
211323243,120.6,3,1,29,2,1,0,Los Fundadores,345.7,0.152
242355603,109.4,4,2,5,4,0,0,Novalito,489.9,0.06
194505149,117.9,2,1,28,3,1,1,Villa Miriam,578.1,0.16
138015240,81.7,3,1,32,1,0,1,La Nevada,535.3,0.113
192551933,110.4,1,1,5,3,0,0,Villa Miriam,276.5,0.118
312811841,136.5,1,1,21,6,1,1,Rosario,295.9,0.093
141343006,100.4,0,1,28,1,1,1,La Nevada,435.9,0.123
285620897,85.0,4,2,3,3,1,1,Villa Miriam,592.0,0.141
211989239,82.3,6,3,15,1,0,0,La Nevada,517.8,0.107
274187626,134.8,3,1,27,5,0,1,Los Cortijos,363.1,0.047
187721025,111.7,3,1,24,3,1,0,Villa Miriam,500.7,0.128
246907064,115.1,5,2,25,4,0,0,Novalito,324.7,0.1
303893500,134.8,4,2,32,5,0,0,Los Cortijos,343.9,0.084
179034778,119.2,3,1,34,2,0,1,Los Fundadores,278.3,0.157
115867373,60.6,3,1,38,2,0,0,Los Fundadores,447.9,0.144
364280061,129.3,6,3,12,5,1,1,Los Cortijos,334.0,0.081
164093297,97.8,2,1,10,3,0,0,Villa Miriam,276.4,0.118
228988239,103.5,4,2,33,2,0,0,Los Fundadores,424.3,0.124
252744515,124.8,2,1,39,4,1,0,Novalito,419.4,0.152
184766617,138.8,1,1,9,3,0,0,Villa Miriam,327.7,0.106
254118606,140.1,2,1,34,4,1,0,Novalito,518.3,0.131
145480181,90.9,0,1,9,1,1,1,La Nevada,557.5,0.112
104110886,62.8,1,1,6,1,0,0,La Nevada,444.1,0.151
345987953,145.1,4,2,1,5,0,1,Los Cortijos,279.9,0.128
271881432,115.1,3,1,18,5,1,0,Los Cortijos,312.5,0.109
342105001,120.6,4,2,24,5,0,1,Los Cortijos,455.1,0.093
323794394,141.7,4,2,5,5,0,1,Los Cortijos,358.4,0.144
324049320,124.3,5,2,38,6,0,0,Rosario,302.9,0.087
245225752,135.4,3,1,39,4,0,0,Novalito,487.2,0.109
262341013,117.6,4,2,16,3,0,0,Villa Miriam,401.9,0.131
267177345,138.3,3,1,13,4,1,1,Novalito,505.7,0.128
140141024,101.4,2,1,39,1,0,1,La Nevada,446.2,0.14
140852901,89.1,2,1,6,1,0,0,La Nevada,572.1,0.117
154348004,93.2,3,1,34,1,0,0,La Nevada,493.8,0.123
183662169,103.0,3,1,15,2,0,0,Los Fundadores,554.2,0.153
198249202,101.9,4,2,32,2,0,0,Los Fundadores,405.5,0.11
100869755,57.3,3,1,35,1,0,1,La Nevada,567.8,0.155
283165981,141.8,2,1,38,5,0,0,Los Cortijos,207.5,0.114
190024941,110.6,0,1,6,3,0,0,Villa Miriam,400.0,0.104
290563676,133.4,3,1,11,5,0,1,Los Cortijos,351.8,0.073
309465486,129.8,5,2,33,6,0,1,Rosario,288.9,0.113
235504016,115.2,1,1,0,5,0,1,Los Cortijos,449.1,0.112
207633336,123.9,0,1,15,4,1,0,Novalito,375.9,0.103
302328385,111.3,6,3,16,3,0,0,Villa Miriam,698.9,0.136
150172126,102.5,1,1,32,2,1,0,Los Fundadores,380.4,0.122
301659342,134.0,3,1,22,6,0,1,Rosario,181.6,0.121
323622326,131.5,7,3,31,3,0,0,Villa Miriam,588.4,0.131
367531825,106.4,8,4,1,5,1,1,Los Cortijos,381.6,0.074
224014369,99.2,4,2,23,3,1,0,Villa Miriam,435.2,0.12
150240331,84.4,3,1,10,1,1,0,La Nevada,477.2,0.132
345288322,145.5,4,2,3,6,0,0,Rosario,360.7,0.109
296206001,107.0,6,3,1,5,0,1,Los Cortijos,330.4,0.088
392567270,136.8,7,3,0,4,1,0,Novalito,306.4,0.099
298955801,118.9,4,2,6,5,1,1,Los Cortijos,479.2,0.083
248696878,84.5,6,3,25,4,1,0,Novalito,471.2,0.082
433226476,124.9,8,4,5,6,1,1,Rosario,268.7,0.059
255949728,123.6,3,1,6,4,0,1,Novalito,265.4,0.086
141292572,94.7,2,1,20,1,0,0,La Nevada,733.8,0.148
165638790,96.8,2,1,33,3,1,0,Villa Miriam,558.3,0.113
273190793,157.3,2,1,21,4,0,0,Novalito,525.3,0.093
202115510,127.7,0,1,11,5,1,1,Los Cortijos,144.0,0.105
206190246,118.3,1,1,11,3,0,0,Villa Miriam,395.2,0.135
221166344,96.3,4,2,9,2,0,1,Los Fundadores,586.2,0.163
167531550,77.0,3,1,23,1,0,0,La Nevada,546.9,0.134
330550751,140.8,5,2,22,5,1,1,Los Cortijos,296.5,0.124
178613451,102.2,0,1,34,3,0,0,Villa Miriam,291.9,0.094
214287408,123.4,4,2,32,3,0,0,Villa Miriam,477.2,0.137
101189771,72.7,2,1,23,1,0,1,La Nevada,266.1,0.144
192582237,104.0,2,1,1,4,1,0,Novalito,330.6,0.137
135015165,103.5,2,1,39,2,0,0,Los Fundadores,446.0,0.133
296962723,139.2,4,2,27,5,0,1,Los Cortijos,263.9,0.111
119230808,76.9,1,1,28,2,0,0,Los Fundadores,485.5,0.153
135854764,106.0,1,1,25,2,0,0,Los Fundadores,543.7,0.132
383052819,136.9,6,3,37,6,1,1,Rosario,376.0,0.11
142477889,109.7,0,1,18,2,1,0,Los Fundadores,581.1,0.127
379900101,118.4,7,3,28,6,0,1,Rosario,247.6,0.073
209108742,117.8,2,1,26,4,0,0,Novalito,367.9,0.132
260058616,136.9,3,1,30,6,1,0,Rosario,260.0,0.093
242560169,108.4,5,2,29,3,0,0,Villa Miriam,564.9,0.105
67211511,57.0,3,1,14,1,0,0,La Nevada,682.0,0.141
130890973,96.6,2,1,19,1,0,0,La Nevada,649.6,0.128
175797727,106.9,3,1,4,2,0,0,Los Fundadores,482.5,0.157
220625919,104.0,3,1,16,4,0,1,Novalito,406.1,0.157
174970616,113.8,1,1,13,4,0,0,Novalito,393.7,0.111
241114933,120.9,2,1,22,4,1,0,Novalito,409.0,0.104
160168953,59.9,6,3,24,1,0,0,La Nevada,518.3,0.123
251085993,96.2,5,2,1,2,0,0,Los Fundadores,446.2,0.169
315584015,130.5,5,2,38,5,1,1,Los Cortijos,306.9,0.15
248686828,113.7,6,3,16,3,0,1,Villa Miriam,297.9,0.124
186828021,81.0,2,1,9,1,1,1,La Nevada,659.8,0.143
219698093,117.4,3,1,7,3,0,0,Villa Miriam,444.2,0.105
161920518,66.1,4,2,27,2,0,0,Los Fundadores,409.8,0.144
190737652,114.9,1,1,37,4,1,0,Novalito,365.0,0.118
230794002,101.3,5,2,38,2,0,1,Los Fundadores,659.5,0.16
74016077,97.6,0,1,36,1,0,0,La Nevada,507.0,0.164
226625929,104.2,2,1,4,4,0,1,Novalito,412.6,0.087
178720711,78.5,3,1,24,2,0,0,Los Fundadores,289.5,0.122
79426066,73.1,0,1,1,1,1,0,La Nevada,662.8,0.164
263726749,108.6,6,3,11,4,1,0,Novalito,503.6,0.084
161151210,102.0,2,1,33,2,0,1,Los Fundadores,329.1,0.094
155861787,83.3,2,1,10,1,1,0,La Nevada,565.3,0.11
79191997,93.8,1,1,7,1,0,0,La Nevada,629.6,0.174
69278447,91.5,0,1,29,1,0,0,La Nevada,517.6,0.131
301929301,132.9,5,2,38,5,0,1,Los Cortijos,260.6,0.092
200467155,118.6,3,1,8,3,0,0,Villa Miriam,435.1,0.115
366482462,161.9,4,2,38,6,0,0,Rosario,281.8,0.117
285934613,135.3,3,1,1,5,0,0,Los Cortijos,262.8,0.087
270731502,104.1,4,2,5,4,0,0,Novalito,150.2,0.131
164835452,112.5,1,1,4,2,1,0,Los Fundadores,604.5,0.132
71562197,63.3,0,1,26,1,0,0,La Nevada,327.0,0.163
221469844,104.9,2,1,20,3,0,1,Villa Miriam,500.0,0.116
307290507,139.0,3,1,19,5,1,1,Los Cortijos,147.6,0.097
138079803,101.1,1,1,32,2,0,0,Los Fundadores,393.5,0.097
303085835,127.6,5,2,8,4,0,0,Novalito,479.1,0.087
345998967,168.0,4,2,38,6,0,1,Rosario,424.3,0.089
331041612,139.5,3,1,12,5,1,1,Los Cortijos,286.7,0.1
172726511,91.5,3,1,3,3,0,0,Villa Miriam,517.6,0.101
233341344,106.2,3,1,14,5,1,1,Los Cortijos,391.3,0.105
200893147,105.2,2,1,29,4,1,1,Novalito,458.5,0.106
238381150,113.7,2,1,35,4,1,0,Novalito,434.4,0.1
219117299,117.4,4,2,20,3,0,0,Villa Miriam,657.5,0.115
230638385,114.2,0,1,13,5,0,0,Los Cortijos,297.4,0.078
173839088,87.3,4,2,11,1,0,0,La Nevada,563.8,0.143
89258953,76.7,0,1,8,1,1,1,La Nevada,635.1,0.131
259453832,145.5,3,1,38,5,1,1,Los Cortijos,284.8,0.133
176387818,96.3,3,1,13,2,0,0,Los Fundadores,543.4,0.132
206202632,112.4,4,2,29,4,1,0,Novalito,382.0,0.119
191061466,118.0,1,1,1,3,1,1,Villa Miriam,477.5,0.124
329541426,129.9,5,2,36,5,1,1,Los Cortijos,428.4,0.066
213411419,101.5,5,2,10,2,0,0,Los Fundadores,466.2,0.115
174096421,86.9,3,1,24,2,0,0,Los Fundadores,614.8,0.133
314622827,145.3,3,1,36,5,0,1,Los Cortijos,88.1,0.107
174607656,90.0,3,1,12,2,1,0,Los Fundadores,426.7,0.132
264967451,121.0,2,1,5,4,0,0,Novalito,590.2,0.123
172015892,79.1,3,1,5,2,0,0,Los Fundadores,496.5,0.146
181610578,82.5,3,1,8,2,1,0,Los Fundadores,485.5,0.134
297899463,148.4,3,1,18,6,1,0,Rosario,37.8,0.1
233179565,122.3,4,2,1,3,1,0,Villa Miriam,353.7,0.124
193505297,126.0,1,1,15,4,0,0,Novalito,501.7,0.085
221324472,105.6,3,1,2,3,0,0,Villa Miriam,477.1,0.101
265446785,131.0,1,1,16,5,0,1,Los Cortijos,236.2,0.088
317523552,146.1,2,1,1,6,1,1,Rosario,335.7,0.104
170319841,125.1,0,1,20,3,0,0,Villa Miriam,501.8,0.124
111178038,113.9,1,1,32,1,0,0,La Nevada,551.9,0.15
237488761,123.5,3,1,2,4,0,0,Novalito,332.4,0.123
202943793,110.9,3,1,38,3,0,0,Villa Miriam,561.0,0.117
222459876,116.1,0,1,12,5,0,0,Los Cortijos,337.8,0.088
199752016,86.1,4,2,15,2,0,1,Los Fundadores,384.1,0.153
209476334,98.5,2,1,13,3,0,0,Villa Miriam,464.9,0.108
109791763,91.5,0,1,39,2,0,0,Los Fundadores,607.5,0.185
200036891,111.0,2,1,9,2,0,1,Los Fundadores,434.9,0.118
107113332,68.5,3,1,34,1,0,0,La Nevada,523.9,0.112
253810172,116.1,3,1,2,4,1,0,Novalito,240.4,0.112
172900573,102.4,3,1,30,2,0,0,Los Fundadores,578.9,0.127
192121746,87.3,3,1,31,2,1,1,Los Fundadores,498.6,0.13
178787224,91.9,3,1,10,2,0,0,Los Fundadores,494.6,0.092
189985063,93.0,3,1,1,2,0,0,Los Fundadores,424.1,0.117
340820703,131.7,5,2,13,5,1,1,Los Cortijos,468.4,0.102
166643891,100.5,1,1,38,3,1,0,Villa Miriam,455.7,0.136
183811767,78.8,3,1,16,2,0,0,Los Fundadores,476.1,0.182
297703697,133.2,3,1,27,6,1,1,Rosario,250.7,0.086
247996841,120.8,4,2,27,4,1,0,Novalito,497.2,0.105
259225626,148.1,3,1,36,5,0,0,Los Cortijos,283.9,0.09
266324512,124.0,3,1,6,4,1,1,Novalito,317.6,0.062
142918772,74.8,2,1,33,1,0,0,La Nevada,366.4,0.152
322636009,146.7,3,1,15,6,1,1,Rosario,249.9,0.081
292815265,123.6,5,2,1,4,1,0,Novalito,458.7,0.124
236429054,92.6,6,3,5,1,1,0,La Nevada,594.1,0.171
265859199,116.2,5,2,34,5,0,0,Los Cortijos,417.0,0.12
137629941,96.2,0,1,7,3,1,0,Villa Miriam,594.9,0.125
283950713,105.0,6,3,32,3,0,0,Villa Miriam,450.3,0.157
255765529,121.3,3,1,9,4,0,0,Novalito,366.5,0.126
272241281,118.1,2,1,0,6,1,1,Rosario,228.8,0.07
363690250,160.2,3,1,10,6,0,1,Rosario,429.3,0.084
107875126,98.8,2,1,24,1,0,0,La Nevada,543.2,0.091
286817165,102.6,4,2,7,5,0,1,Los Cortijos,454.7,0.136
132326987,99.1,0,1,4,1,1,0,La Nevada,561.0,0.156
207663438,110.9,5,2,32,3,0,0,Villa Miriam,624.6,0.12
272574580,110.0,5,2,18,4,1,1,Novalito,209.4,0.077
171932015,98.2,1,1,14,3,1,0,Villa Miriam,516.9,0.135
162229842,90.5,2,1,37,1,0,1,La Nevada,710.8,0.126
233379032,109.4,2,1,11,3,1,0,Villa Miriam,600.1,0.098
140423675,105.5,2,1,36,1,0,0,La Nevada,650.3,0.125
227914876,118.1,4,2,24,2,0,0,Los Fundadores,518.3,0.144
290659490,119.7,5,2,31,4,0,0,Novalito,466.0,0.111
141086367,101.1,2,1,18,2,0,1,Los Fundadores,397.5,0.129
181083030,105.3,1,1,6,3,0,0,Villa Miriam,481.4,0.115
185858548,110.3,1,1,23,2,1,1,Los Fundadores,431.6,0.142
209097526,94.9,4,2,12,2,0,0,Los Fundadores,513.8,0.164
193156767,92.5,5,2,7,2,0,0,Los Fundadores,726.3,0.146
255203340,108.5,4,2,6,3,0,0,Villa Miriam,549.0,0.097
349630251,152.9,3,1,13,6,1,1,Rosario,383.6,0.095
315733805,117.7,3,1,36,6,1,0,Rosario,465.8,0.051
247771189,126.6,3,1,7,4,1,0,Novalito,293.1,0.115
272452990,118.0,1,1,26,5,1,1,Los Cortijos,104.5,0.118
111526689,63.6,1,1,28,2,0,0,Los Fundadores,462.2,0.143
173250509,91.6,3,1,11,1,0,0,La Nevada,402.0,0.125
182509437,87.3,3,1,5,2,0,0,Los Fundadores,564.2,0.121
166937590,109.0,3,1,32,2,0,0,Los Fundadores,595.8,0.128
191783130,88.4,3,1,5,3,0,0,Villa Miriam,514.8,0.138
318923119,144.6,3,1,23,6,1,1,Rosario,366.1,0.066
246842262,111.9,4,2,20,3,0,0,Villa Miriam,426.5,0.107
222750048,114.6,2,1,30,4,1,0,Novalito,313.1,0.131
209997289,135.3,0,1,28,5,0,1,Los Cortijos,402.4,0.071
100308856,78.4,3,1,31,1,0,0,La Nevada,557.9,0.165
182751441,97.2,0,1,6,4,1,0,Novalito,308.7,0.136
300644728,131.2,3,1,21,5,1,1,Los Cortijos,425.9,0.08
256352581,146.4,3,1,25,3,0,1,Villa Miriam,366.6,0.143
213886038,117.5,0,1,9,4,1,1,Novalito,399.1,0.123
313293523,142.6,4,2,14,6,0,0,Rosario,203.5,0.091
160535479,91.8,2,1,33,3,0,0,Villa Miriam,482.5,0.105
189034753,92.3,5,2,20,2,0,0,Los Fundadores,419.8,0.125
226406090,125.0,2,1,17,3,0,0,Villa Miriam,360.2,0.089
343596798,150.5,5,2,12,5,1,1,Los Cortijos,301.0,0.087
296829766,129.7,2,1,30,6,0,0,Rosario,304.2,0.095
288837097,132.3,2,1,35,5,0,0,Los Cortijos,308.1,0.097
159137865,96.7,3,1,15,1,0,0,La Nevada,551.9,0.157
258777700,140.3,3,1,9,4,0,0,Novalito,248.7,0.129
162598646,101.2,3,1,18,2,0,1,Los Fundadores,303.6,0.152
144082281,106.8,1,1,21,2,0,0,Los Fundadores,474.9,0.116
199640656,95.3,1,1,12,3,0,1,Villa Miriam,564.1,0.089
177133436,106.9,1,1,39,3,0,1,Villa Miriam,561.9,0.143
369111673,171.8,5,2,39,6,1,1,Rosario,277.2,0.061
147182688,90.3,0,1,16,3,1,0,Villa Miriam,529.3,0.136
152388654,93.1,4,2,29,1,0,1,La Nevada,610.0,0.146
343273103,133.4,5,2,27,6,1,1,Rosario,311.1,0.078
169983502,70.6,3,1,19,2,1,0,Los Fundadores,616.1,0.117
240193161,125.0,3,1,32,3,0,0,Villa Miriam,441.8,0.116
124427964,99.2,2,1,37,1,0,0,La Nevada,579.0,0.123
103282236,67.2,1,1,21,1,0,0,La Nevada,424.7,0.146
181029240,110.5,2,1,14,4,1,0,Novalito,224.2,0.089
246362917,133.2,3,1,18,4,1,0,Novalito,456.2,0.095
150265800,101.3,1,1,22,1,1,1,La Nevada,488.5,0.135
328405360,127.0,3,1,3,6,1,1,Rosario,409.7,0.065
202273973,115.3,2,1,36,1,0,0,La Nevada,717.0,0.143
129552699,103.4,3,1,4,2,0,0,Los Fundadores,448.5,0.093
324921785,123.1,7,3,14,4,1,0,Novalito,373.6,0.103
245314828,125.3,3,1,31,6,0,1,Rosario,104.3,0.07
136712235,100.1,1,1,26,1,1,0,La Nevada,800.3,0.125
156141459,126.9,1,1,37,3,1,0,Villa Miriam,275.7,0.117
228119506,125.3,3,1,14,4,1,0,Novalito,606.7,0.088
279855505,134.1,3,1,32,5,1,1,Los Cortijos,311.7,0.108
161049549,85.2,2,1,8,1,0,0,La Nevada,372.1,0.153
136877122,128.2,0,1,34,1,0,0,La Nevada,449.4,0.124
229148615,135.7,3,1,18,4,1,0,Novalito,269.6,0.125
265386759,120.9,3,1,5,5,0,1,Los Cortijos,506.8,0.122
216832042,88.5,4,2,3,2,0,0,Los Fundadores,472.5,0.115
182108434,102.5,3,1,24,2,0,0,Los Fundadores,574.5,0.133
137720460,77.2,2,1,25,1,0,1,La Nevada,476.3,0.135
330572299,97.2,5,2,5,6,1,1,Rosario,256.7,0.124
276513926,114.0,5,2,15,4,1,0,Novalito,325.5,0.122
221768557,95.3,5,2,35,3,0,0,Villa Miriam,413.8,0.123
315891879,128.0,6,3,35,5,0,0,Los Cortijos,364.4,0.12
69568127,64.3,1,1,26,1,0,0,La Nevada,459.8,0.113
104513944,91.5,0,1,9,1,0,0,La Nevada,583.3,0.144
300902781,159.4,1,1,32,6,1,0,Rosario,495.0,0.092
175271987,114.3,1,1,0,3,1,0,Villa Miriam,440.1,0.119
268930399,150.9,2,1,16,5,0,1,Los Cortijos,214.4,0.117
233803873,92.7,3,1,19,5,1,0,Los Cortijos,299.1,0.102
143254595,99.4,2,1,14,1,1,1,La Nevada,542.0,0.154
193258706,104.6,4,2,9,2,0,0,Los Fundadores,369.7,0.131
168197907,102.9,1,1,34,3,0,0,Villa Miriam,553.3,0.126
365668396,125.7,6,3,27,5,1,1,Los Cortijos,339.4,0.099
373153600,138.1,5,2,12,6,1,1,Rosario,66.2,0.041
292676432,117.8,4,2,10,5,1,0,Los Cortijos,367.6,0.1
332866025,134.0,5,2,25,6,0,1,Rosario,321.2,0.094
96006515,71.4,2,1,23,2,1,0,Los Fundadores,644.4,0.1
255806265,120.8,3,1,31,3,0,1,Villa Miriam,395.5,0.102
136399244,76.5,1,1,2,1,1,0,La Nevada,303.8,0.12
193673093,85.8,4,2,35,1,1,0,La Nevada,421.2,0.113
241811079,117.3,2,1,20,3,0,0,Villa Miriam,626.8,0.119
347212131,125.9,6,3,15,5,1,0,Los Cortijos,296.5,0.107
232810264,113.8,2,1,32,5,1,1,Los Cortijos,452.4,0.06
325898820,127.2,6,3,23,5,0,1,Los Cortijos,240.2,0.089
293752008,127.1,6,3,37,4,1,0,Novalito,267.9,0.075
125997901,100.1,2,1,25,1,0,0,La Nevada,566.7,0.121
208646095,111.5,4,2,23,3,0,0,Villa Miriam,218.6,0.105
215019745,116.4,2,1,19,4,0,0,Novalito,423.2,0.124
292646905,113.5,6,3,17,4,1,0,Novalito,544.0,0.154
189601345,79.9,5,2,32,2,1,0,Los Fundadores,478.3,0.15
158088165,114.2,2,1,32,2,0,1,Los Fundadores,408.5,0.136
242523284,126.8,3,1,8,4,0,0,Novalito,423.3,0.084
247217293,135.8,2,1,15,5,0,1,Los Cortijos,466.8,0.119
234724933,114.6,3,1,15,3,0,0,Villa Miriam,326.3,0.088
254606199,121.5,2,1,26,5,1,0,Los Cortijos,346.7,0.076
369965374,142.1,7,3,2,6,0,0,Rosario,495.7,0.093
281715043,128.0,3,1,8,5,0,0,Los Cortijos,307.8,0.126
232125706,122.2,2,1,6,5,0,0,Los Cortijos,401.7,0.079
339230386,128.7,5,2,7,5,1,1,Los Cortijos,353.3,0.131
173793712,124.8,1,1,38,1,1,1,La Nevada,610.3,0.169
178174665,114.1,2,1,32,1,0,0,La Nevada,596.9,0.119
132981184,101.1,1,1,18,1,0,0,La Nevada,678.0,0.164
111281447,88.6,2,1,36,1,1,0,La Nevada,516.7,0.147
170474553,108.1,1,1,28,3,0,1,Villa Miriam,389.8,0.154
204323395,130.7,3,1,30,3,0,0,Villa Miriam,433.2,0.132
188904571,112.7,2,1,31,3,0,0,Villa Miriam,376.9,0.146
295095388,120.7,5,2,7,4,1,0,Novalito,499.7,0.139
377144766,146.5,5,2,9,6,1,0,Rosario,400.1,0.091
192438064,102.7,1,1,39,3,1,0,Villa Miriam,445.4,0.12
206502353,95.5,4,2,27,3,0,1,Villa Miriam,609.9,0.105
278901676,150.9,1,1,38,6,1,1,Rosario,344.8,0.06
296306190,114.9,6,3,34,6,0,0,Rosario,310.8,0.104
346709552,119.9,5,2,13,6,1,1,Rosario,260.4,0.077
226453998,133.4,2,1,35,4,1,0,Novalito,447.1,0.123
216589793,83.2,4,2,30,2,1,1,Los Fundadores,503.8,0.1
153120807,101.0,0,1,7,4,0,0,Novalito,262.9,0.131
145521397,68.0,3,1,23,1,0,1,La Nevada,515.8,0.13
92703256,65.9,1,1,26,1,0,0,La Nevada,457.3,0.164
179002595,88.7,3,1,22,1,0,1,La Nevada,738.0,0.131
169255498,125.7,2,1,0,3,0,0,Villa Miriam,447.9,0.093
230644845,108.0,2,1,16,4,1,0,Novalito,429.2,0.117
342253620,145.9,4,2,12,6,1,1,Rosario,259.5,0.045
152130369,101.4,1,1,29,1,0,0,La Nevada,576.7,0.115
322361577,135.2,7,3,38,4,1,0,Novalito,468.7,0.108
137303621,74.4,2,1,8,1,0,0,La Nevada,592.1,0.122
265380832,130.0,4,2,7,4,0,0,Novalito,297.9,0.095
322178458,129.2,4,2,29,6,1,1,Rosario,265.1,0.077
340216839,123.9,5,2,5,5,0,1,Los Cortijos,366.1,0.1
195965708,106.0,2,1,36,2,1,0,Los Fundadores,545.7,0.099
314613444,115.2,5,2,0,3,1,1,Villa Miriam,477.4,0.111
103278246,94.5,0,1,7,1,0,0,La Nevada,492.4,0.147
190772664,103.8,2,1,4,2,0,0,Los Fundadores,567.7,0.103
341739046,108.8,6,3,21,6,1,0,Rosario,276.5,0.105
282408362,107.9,5,2,5,3,1,0,Villa Miriam,495.7,0.117
243186992,115.4,2,1,0,3,1,0,Villa Miriam,456.5,0.108
202510154,98.8,3,1,16,2,0,0,Los Fundadores,550.9,0.113
224643875,105.2,4,2,31,2,1,0,Los Fundadores,619.1,0.184
202841265,94.0,2,1,8,3,0,0,Villa Miriam,713.9,0.116
235956703,113.2,3,1,24,4,1,0,Novalito,390.5,0.112
140951339,94.7,2,1,15,1,0,0,La Nevada,489.6,0.176
232206852,133.0,1,1,5,3,0,1,Villa Miriam,571.3,0.112
156347065,88.4,2,1,5,3,0,0,Villa Miriam,461.5,0.11
207945099,127.1,2,1,5,3,1,0,Villa Miriam,332.0,0.116
257471814,94.7,8,4,25,2,0,0,Los Fundadores,648.7,0.151
214455004,106.3,2,1,34,3,0,0,Villa Miriam,479.5,0.111
294895666,109.8,2,1,4,6,1,1,Rosario,330.6,0.115
344807219,168.6,2,1,34,6,0,0,Rosario,251.7,0.065
298063257,133.8,4,2,11,6,1,0,Rosario,360.3,0.116
118099340,84.4,1,1,9,2,0,0,Los Fundadores,629.2,0.136
217939086,112.0,0,1,18,4,1,0,Novalito,337.4,0.106
148249769,97.5,1,1,4,1,0,0,La Nevada,551.1,0.12
243675000,129.7,2,1,0,5,1,1,Los Cortijos,309.8,0.082
219534397,91.2,1,1,17,6,0,0,Rosario,419.5,0.076
245985001,118.4,4,2,39,3,0,0,Villa Miriam,246.8,0.144
391719184,161.3,7,3,25,6,0,0,Rosario,266.2,0.133
134626107,92.4,1,1,28,1,1,1,La Nevada,665.6,0.134
273305472,96.0,5,2,0,2,0,0,Los Fundadores,345.7,0.146
287841885,112.3,2,1,17,6,1,1,Rosario,272.0,0.128
226131973,94.2,5,2,35,3,0,0,Villa Miriam,552.6,0.135
314694398,156.3,2,1,17,6,1,1,Rosario,536.5,0.097
156529420,100.2,1,1,7,3,0,0,Villa Miriam,245.0,0.125
179989369,107.6,0,1,35,4,1,0,Novalito,325.3,0.056
153052922,91.5,2,1,26,2,1,0,Los Fundadores,394.9,0.105
346756791,139.3,4,2,12,5,0,1,Los Cortijos,531.0,0.075
232560251,98.3,5,2,38,2,0,0,Los Fundadores,529.9,0.149
299294422,152.6,2,1,8,5,1,1,Los Cortijos,362.0,0.102
212634728,105.5,2,1,2,4,1,0,Novalito,276.6,0.119
354683047,136.4,4,2,20,6,0,1,Rosario,346.6,0.087
186163588,92.6,2,1,8,3,0,0,Villa Miriam,424.5,0.127
223398271,116.7,2,1,27,4,1,0,Novalito,319.3,0.131
292784559,136.2,5,2,11,3,1,0,Villa Miriam,536.0,0.118
120086450,90.3,2,1,8,1,0,0,La Nevada,565.8,0.199
268209821,114.3,3,1,2,6,0,1,Rosario,260.7,0.114
291092519,125.6,2,1,30,6,1,1,Rosario,230.2,0.097
207885841,141.0,1,1,3,3,0,0,Villa Miriam,465.8,0.116
197421683,114.8,4,2,9,1,0,0,La Nevada,548.1,0.135
243025624,140.2,1,1,33,6,0,1,Rosario,166.4,0.081
225683865,76.1,8,4,23,2,0,0,Los Fundadores,479.9,0.135
136592897,68.9,1,1,11,2,0,0,Los Fundadores,323.9,0.13
329204232,127.8,6,3,7,5,0,1,Los Cortijos,252.7,0.11
103061542,91.0,1,1,15,1,0,0,La Nevada,397.5,0.134
207696188,124.0,3,1,32,2,0,0,Los Fundadores,409.5,0.179
238775529,101.4,4,2,32,2,1,0,Los Fundadores,547.6,0.13
397605932,142.3,7,3,36,6,0,0,Rosario,270.7,0.113
262257377,122.0,5,2,26,4,0,0,Novalito,406.7,0.066
177128805,109.3,1,1,20,3,1,1,Villa Miriam,471.0,0.101
212163052,110.4,4,2,16,1,1,0,La Nevada,611.4,0.132
74148402,73.8,1,1,20,1,0,0,La Nevada,485.9,0.151
214224902,114.0,3,1,5,3,1,0,Villa Miriam,281.7,0.135
302636639,116.5,5,2,34,5,1,1,Los Cortijos,309.3,0.105
301951869,164.9,2,1,19,5,1,1,Los Cortijos,366.8,0.132
307469362,118.0,5,2,15,4,1,0,Novalito,230.4,0.101
358399198,159.5,4,2,21,6,1,0,Rosario,396.0,0.075
177721553,72.8,3,1,26,2,1,0,Los Fundadores,367.9,0.105
178370213,113.9,3,1,24,2,1,1,Los Fundadores,435.5,0.131
254625990,110.6,3,1,7,3,1,1,Villa Miriam,378.3,0.158
209870600,130.2,2,1,13,3,0,0,Villa Miriam,452.4,0.157
185892081,130.7,1,1,38,3,0,1,Villa Miriam,537.6,0.114
140715040,71.2,2,1,14,1,0,0,La Nevada,494.5,0.159
350715911,130.5,4,2,8,6,1,1,Rosario,270.2,0.091
140892883,86.3,1,1,13,2,0,0,Los Fundadores,453.2,0.136
221056741,123.1,2,1,30,3,1,0,Villa Miriam,523.2,0.15
192273794,106.7,2,1,13,2,1,1,Los Fundadores,599.1,0.129
228181364,110.8,3,1,7,4,1,0,Novalito,349.3,0.064
254830254,121.5,4,2,28,3,1,0,Villa Miriam,408.6,0.129
290745933,130.8,3,1,8,5,0,0,Los Cortijos,307.4,0.113
161825287,79.7,4,2,28,2,0,0,Los Fundadores,513.7,0.154
172608252,69.4,4,2,30,1,0,0,La Nevada,668.0,0.147
309192618,128.3,4,2,16,6,1,1,Rosario,234.8,0.107
277692488,132.9,3,1,32,5,1,1,Los Cortijos,464.4,0.096
316362505,141.5,4,2,33,6,1,1,Rosario,270.2,0.116
149008583,115.9,2,1,16,2,0,0,Los Fundadores,456.7,0.093
308839693,146.8,5,2,13,4,0,0,Novalito,309.6,0.12
307013679,104.8,6,3,12,4,0,0,Novalito,504.8,0.101
281530236,115.3,4,2,32,5,1,1,Los Cortijos,353.6,0.059
151180892,88.3,1,1,4,2,0,1,Los Fundadores,616.2,0.122
294851465,133.3,5,2,33,5,1,0,Los Cortijos,264.0,0.124
146693935,93.8,2,1,28,2,0,0,Los Fundadores,427.6,0.132
130549362,59.5,2,1,29,1,0,0,La Nevada,680.1,0.153
168748872,95.8,2,1,9,1,0,0,La Nevada,566.7,0.115
213440929,125.5,1,1,4,1,1,1,La Nevada,512.2,0.118
349267779,119.0,6,3,4,5,1,1,Los Cortijos,351.4,0.081
164185936,97.1,2,1,7,2,1,0,Los Fundadores,550.9,0.144
170846954,87.2,3,1,0,2,1,1,Los Fundadores,435.7,0.141
342615801,143.4,5,2,9,6,0,0,Rosario,298.1,0.095
288924799,111.3,6,3,2,3,0,0,Villa Miriam,471.6,0.137
219026706,95.1,4,2,34,2,0,0,Los Fundadores,493.3,0.126
316983778,183.3,2,1,2,5,1,0,Los Cortijos,374.7,0.134
212004022,108.8,1,1,20,3,0,1,Villa Miriam,447.8,0.121
251178020,114.1,2,1,13,4,1,1,Novalito,345.6,0.083
343791151,155.4,2,1,24,6,1,1,Rosario,225.6,0.083
165635432,75.0,5,2,7,1,0,0,La Nevada,497.3,0.169
209680126,101.2,1,1,5,4,0,0,Novalito,302.2,0.119
326470306,148.3,6,3,4,5,0,0,Los Cortijos,510.7,0.099
203890512,120.3,2,1,11,4,0,0,Novalito,521.1,0.093
371316181,146.8,6,3,26,6,0,1,Rosario,475.6,0.064
392361332,130.7,6,3,31,6,1,1,Rosario,189.0,0.069
356863146,150.4,5,2,15,6,1,1,Rosario,334.9,0.103
154710134,105.7,2,1,26,1,1,0,La Nevada,445.8,0.137
268595262,101.0,4,2,11,3,1,0,Villa Miriam,522.7,0.105
219722726,124.4,0,1,26,5,0,0,Los Cortijos,419.9,0.09
276370820,132.5,2,1,36,5,0,1,Los Cortijos,370.2,0.072
231608333,123.5,2,1,2,4,1,0,Novalito,556.6,0.093
227474539,98.6,3,1,19,4,0,1,Novalito,350.6,0.095
145482997,67.3,4,2,12,1,0,0,La Nevada,613.1,0.156
295852272,148.6,4,2,21,5,0,1,Los Cortijos,324.6,0.088
334912067,130.9,5,2,21,6,1,1,Rosario,296.8,0.094
293854712,121.9,3,1,3,5,1,0,Los Cortijos,440.2,0.101
321998242,121.9,7,3,2,5,1,1,Los Cortijos,133.6,0.1
184107558,108.1,2,1,38,3,1,1,Villa Miriam,412.7,0.166
297254057,120.5,2,1,0,4,1,1,Novalito,437.5,0.145
308625163,133.3,4,2,12,5,0,0,Los Cortijos,303.5,0.089
302902675,154.7,3,1,28,6,0,1,Rosario,290.2,0.131
272579368,111.2,3,1,4,5,1,1,Los Cortijos,387.2,0.112
313427073,141.9,3,1,4,5,0,0,Los Cortijos,484.9,0.106
314210909,151.6,1,1,25,6,0,1,Rosario,179.1,0.083
206318802,107.9,3,1,20,3,0,0,Villa Miriam,397.5,0.106
263010210,85.0,5,2,22,5,1,1,Los Cortijos,421.7,0.076
229092274,116.1,2,1,4,4,0,1,Novalito,394.6,0.098
281778643,118.5,5,2,25,4,0,1,Novalito,513.9,0.095
307739905,151.7,4,2,39,5,1,1,Los Cortijos,283.9,0.106
208698719,116.5,1,1,18,5,0,0,Los Cortijos,286.3,0.111
227035462,110.3,4,2,36,3,1,1,Villa Miriam,359.1,0.104
315603205,160.8,5,2,2,4,1,0,Novalito,484.4,0.124
175935770,96.5,2,1,20,2,0,1,Los Fundadores,647.6,0.182
145747565,79.6,1,1,13,3,0,0,Villa Miriam,422.7,0.085
198891728,86.9,5,2,2,2,0,0,Los Fundadores,348.9,0.125
275683830,101.0,8,4,21,3,0,0,Villa Miriam,391.6,0.118
286341215,117.5,4,2,4,6,1,1,Rosario,299.4,0.103
307394767,114.4,4,2,18,5,0,1,Los Cortijos,371.3,0.077
127947098,105.2,1,1,6,1,0,0,La Nevada,615.2,0.163
198104765,114.0,1,1,16,3,1,0,Villa Miriam,454.1,0.115
226202063,129.5,3,1,18,3,0,0,Villa Miriam,516.8,0.102
125100812,80.7,0,1,35,1,0,1,La Nevada,540.5,0.149
229646850,109.8,4,2,0,3,0,0,Villa Miriam,393.8,0.128
390263655,161.3,6,3,26,6,1,0,Rosario,329.3,0.054
393743802,149.7,7,3,1,5,1,0,Los Cortijos,438.3,0.094
299639081,132.2,4,2,0,4,0,1,Novalito,460.2,0.144
164261856,109.3,1,1,36,3,0,0,Villa Miriam,559.8,0.093
160204015,102.2,1,1,1,2,1,0,Los Fundadores,316.6,0.158
270338805,127.7,5,2,30,4,0,1,Novalito,560.5,0.131
205448458,114.6,1,1,8,2,1,0,Los Fundadores,593.1,0.119
359347957,102.7,7,3,15,6,1,1,Rosario,225.9,0.104
110367789,85.9,0,1,31,1,0,1,La Nevada,513.8,0.185
405861439,136.6,8,4,25,5,1,1,Los Cortijos,202.7,0.107
281113950,125.0,3,1,29,6,0,1,Rosario,214.5,0.076
255380070,129.1,4,2,5,3,0,1,Villa Miriam,370.7,0.147
180505862,82.0,2,1,1,2,0,0,Los Fundadores,537.0,0.128
109429537,67.3,1,1,23,1,0,0,La Nevada,394.4,0.102
235423987,116.9,3,1,16,4,1,0,Novalito,532.1,0.078
218276797,116.6,4,2,37,2,0,0,Los Fundadores,585.4,0.139
269510189,134.6,2,1,37,5,1,0,Los Cortijos,366.3,0.129
192845938,112.1,0,1,15,3,0,0,Villa Miriam,516.3,0.146
303604062,121.2,3,1,16,6,1,1,Rosario,428.9,0.121
93800876,70.0,0,1,27,1,0,0,La Nevada,609.5,0.147
314924938,156.1,2,1,33,6,0,1,Rosario,-5.6,0.078
342902260,143.3,7,3,5,4,1,0,Novalito,483.2,0.093
301032314,110.0,5,2,13,4,1,0,Novalito,391.3,0.083
365304706,137.2,5,2,17,6,0,1,Rosario,82.9,0.07
180557914,111.3,1,1,16,3,0,0,Villa Miriam,278.4,0.121
180998171,102.1,3,1,1,1,1,0,La Nevada,431.8,0.133
359248049,129.6,6,3,35,5,1,1,Los Cortijos,483.0,0.11
248306942,107.3,4,2,31,3,0,0,Villa Miriam,409.0,0.114
81765407,85.7,1,1,7,1,0,0,La Nevada,593.1,0.121
216786026,118.0,4,2,14,4,1,0,Novalito,291.8,0.135
200977165,110.6,1,1,14,3,0,0,Villa Miriam,335.6,0.148
387896916,135.1,6,3,12,6,0,1,Rosario,498.5,0.109
242050093,110.6,2,1,4,4,0,0,Novalito,329.3,0.137
345671126,132.3,7,3,28,4,1,0,Novalito,57.5,0.146
266051964,121.0,4,2,5,5,0,1,Los Cortijos,406.7,0.081
246044657,120.7,3,1,9,4,0,0,Novalito,222.0,0.123
228061232,120.5,2,1,35,4,1,0,Novalito,382.5,0.118
272186383,146.8,4,2,26,5,0,0,Los Cortijos,300.0,0.081
121869997,63.6,2,1,24,1,0,1,La Nevada,423.1,0.142
175152920,92.6,5,2,27,1,1,0,La Nevada,501.6,0.158
322899995,137.3,5,2,39,6,1,1,Rosario,328.1,0.105
251261806,143.5,2,1,38,6,1,0,Rosario,165.4,0.099
143561867,102.3,2,1,24,1,1,0,La Nevada,398.7,0.159
313748299,132.7,4,2,25,5,1,1,Los Cortijos,246.4,0.072
325577676,134.4,5,2,6,4,0,0,Novalito,322.2,0.101
428724229,164.0,6,3,28,6,1,0,Rosario,452.8,0.074
122430933,85.9,2,1,38,1,0,0,La Nevada,574.9,0.127
325987613,140.5,4,2,33,6,1,0,Rosario,468.6,0.079
212574041,113.6,2,1,3,3,0,0,Villa Miriam,428.9,0.11
204744641,132.3,2,1,29,3,1,0,Villa Miriam,245.3,0.145
266656411,94.4,7,3,25,2,0,0,Los Fundadores,604.2,0.151
248817330,113.7,6,3,24,2,0,0,Los Fundadores,401.3,0.116
92925463,72.0,2,1,7,1,0,1,La Nevada,579.5,0.118
366691999,157.6,5,2,25,6,1,1,Rosario,245.3,0.046
169206488,112.5,2,1,7,2,0,0,Los Fundadores,393.2,0.107
160382146,94.7,1,1,21,1,1,1,La Nevada,449.5,0.123
323107068,125.2,4,2,25,5,1,1,Los Cortijos,487.4,0.087
360870152,149.2,5,2,20,6,1,0,Rosario,111.3,0.076
136045258,112.5,1,1,37,2,0,0,Los Fundadores,579.8,0.133
249343052,75.5,7,3,18,1,0,0,La Nevada,544.9,0.141
120839597,97.6,0,1,8,2,0,0,Los Fundadores,475.7,0.098
305356576,128.3,2,1,27,6,0,1,Rosario,176.6,0.083
221281482,119.8,3,1,37,4,1,0,Novalito,426.0,0.165
222533856,146.0,1,1,21,4,1,0,Novalito,516.3,0.109
377019282,131.5,6,3,28,6,0,1,Rosario,240.7,0.093
200833629,93.5,4,2,25,2,0,0,Los Fundadores,627.3,0.132
219350679,111.4,3,1,36,3,0,0,Villa Miriam,574.3,0.129
328009775,132.5,3,1,15,5,1,1,Los Cortijos,382.6,0.094
120338224,95.1,2,1,6,1,0,0,La Nevada,547.1,0.143
288800542,124.2,6,3,9,3,1,0,Villa Miriam,357.4,0.107
306734241,146.7,3,1,12,6,1,0,Rosario,332.5,0.054
303177849,128.5,3,1,1,6,1,0,Rosario,292.1,0.086
124633724,106.2,2,1,38,1,1,0,La Nevada,507.6,0.156
213344525,100.8,4,2,32,2,0,0,Los Fundadores,342.7,0.139
269575482,116.2,3,1,36,6,1,1,Rosario,429.3,0.095
205773076,110.9,3,1,15,3,1,0,Villa Miriam,319.2,0.131
233983965,149.0,1,1,39,5,0,1,Los Cortijos,252.9,0.116
239203870,153.4,0,1,34,5,1,1,Los Cortijos,347.5,0.121
178430199,81.0,5,2,8,1,1,0,La Nevada,609.4,0.163
310893820,145.5,1,1,0,5,0,1,Los Cortijos,297.9,0.078
291095195,139.9,2,1,15,5,0,1,Los Cortijos,353.8,0.125
260082050,119.6,3,1,33,3,1,0,Villa Miriam,619.8,0.122
122302903,74.1,2,1,14,1,0,0,La Nevada,497.4,0.151
431489627,154.1,6,3,19,6,1,1,Rosario,318.1,0.089
310396549,113.5,4,2,16,6,1,1,Rosario,257.9,0.116
407872460,131.5,9,4,34,6,1,0,Rosario,241.5,0.076
282501275,151.8,2,1,3,5,1,0,Los Cortijos,186.4,0.085
337221663,142.9,4,2,6,5,1,1,Los Cortijos,397.9,0.127
148960592,106.8,2,1,36,1,1,1,La Nevada,711.3,0.167
269608729,124.7,2,1,13,6,1,0,Rosario,214.5,0.038
118047682,81.0,1,1,2,1,1,0,La Nevada,617.8,0.113
270045328,152.7,3,1,34,5,0,0,Los Cortijos,464.6,0.074
269105564,109.9,2,1,4,5,0,1,Los Cortijos,370.1,0.091
208051351,93.2,3,1,37,4,0,1,Novalito,689.2,0.121
208247790,111.7,5,2,5,2,0,0,Los Fundadores,382.6,0.114
304570486,139.0,2,1,5,5,0,1,Los Cortijos,378.0,0.099
196008137,104.9,4,2,27,3,0,0,Villa Miriam,540.2,0.125
201482414,97.0,4,2,28,2,0,0,Los Fundadores,468.9,0.131
289768308,86.2,4,2,0,5,1,1,Los Cortijos,235.6,0.117
269424816,112.1,6,3,33,3,0,0,Villa Miriam,507.4,0.151
266208631,127.5,4,2,35,4,1,0,Novalito,337.7,0.093
142699743,97.3,1,1,14,3,1,1,Villa Miriam,357.5,0.122
156870012,74.2,2,1,13,2,0,1,Los Fundadores,524.0,0.163
220420310,107.0,3,1,2,3,0,0,Villa Miriam,331.7,0.128
425307216,134.6,8,4,5,6,1,1,Rosario,95.5,0.086
234616152,100.7,4,2,23,2,0,0,Los Fundadores,595.3,0.122
225889372,108.2,2,1,5,4,0,0,Novalito,465.7,0.058
357164627,146.0,6,3,22,6,0,0,Rosario,360.1,0.104
206717295,98.3,2,1,19,5,0,1,Los Cortijos,307.6,0.113
173136808,118.3,0,1,3,3,0,0,Villa Miriam,381.1,0.139
87329868,78.8,1,1,20,1,1,0,La Nevada,664.8,0.177
347017382,130.6,4,2,8,6,1,0,Rosario,187.9,0.125
121349425,71.6,2,1,3,1,0,1,La Nevada,644.9,0.155
179204044,97.9,3,1,21,2,0,1,Los Fundadores,294.6,0.098
92725217,92.3,0,1,20,2,0,0,Los Fundadores,583.5,0.119
275714508,119.8,4,2,22,4,1,0,Novalito,304.5,0.092
202652204,92.6,4,2,2,3,0,0,Villa Miriam,497.2,0.146
373589092,119.1,7,3,29,5,1,1,Los Cortijos,242.0,0.093
134108157,69.9,2,1,12,2,1,0,Los Fundadores,556.9,0.116
224288459,122.0,1,1,34,4,0,0,Novalito,314.6,0.094
248126017,98.9,4,2,22,3,1,0,Villa Miriam,255.0,0.11
82680770,63.7,1,1,39,1,1,1,La Nevada,446.4,0.149
257532973,62.9,7,3,30,3,1,1,Villa Miriam,529.4,0.117
244588735,115.2,1,1,34,5,1,1,Los Cortijos,335.3,0.096
228977954,71.7,5,2,15,4,0,0,Novalito,425.2,0.105
203083058,115.5,0,1,14,4,1,0,Novalito,501.3,0.113
218477594,131.4,3,1,37,3,0,0,Villa Miriam,497.6,0.133
292359023,115.4,4,2,1,4,1,0,Novalito,536.9,0.142
314985557,137.7,3,1,18,6,0,1,Rosario,118.7,0.089
264838239,86.4,5,2,5,2,1,0,Los Fundadores,532.5,0.126
323721346,144.4,3,1,26,5,0,1,Los Cortijos,283.2,0.104
284886281,114.5,4,2,3,5,0,1,Los Cortijos,438.1,0.061
318268359,135.5,6,3,21,6,1,1,Rosario,325.2,0.074
290019139,135.8,3,1,36,6,1,1,Rosario,295.0,0.065
278089501,158.0,2,1,31,4,1,0,Novalito,274.6,0.089
339200571,156.3,3,1,16,5,0,1,Los Cortijos,292.3,0.141
316989812,125.0,5,2,20,5,0,1,Los Cortijos,234.5,0.087
183179764,97.2,5,2,31,4,1,0,Novalito,332.8,0.128
302922696,137.1,3,1,28,6,0,0,Rosario,359.9,0.121
278652263,137.7,3,1,31,3,1,0,Villa Miriam,504.0,0.133
171928463,97.9,1,1,11,3,0,0,Villa Miriam,572.4,0.134
166811054,99.1,3,1,8,1,0,0,La Nevada,556.4,0.137
316183376,125.9,4,2,2,5,1,1,Los Cortijos,461.8,0.102
249367231,146.7,1,1,29,4,1,0,Novalito,416.3,0.115
375568478,139.4,6,3,35,6,1,1,Rosario,303.4,0.089
239570183,140.5,2,1,29,4,1,0,Novalito,391.0,0.132
316427790,158.9,2,1,20,6,0,0,Rosario,246.7,0.099
220796316,91.6,4,2,32,3,1,1,Villa Miriam,390.3,0.077
400231080,150.8,7,3,16,6,1,0,Rosario,286.2,0.11
282700090,137.9,3,1,14,5,0,0,Los Cortijos,117.0,0.087
285044179,127.5,5,2,25,5,1,1,Los Cortijos,224.3,0.071
226842082,102.1,2,1,29,5,1,0,Los Cortijos,458.0,0.086
350318574,116.6,5,2,38,5,1,1,Los Cortijos,469.7,0.069
149121659,90.6,2,1,3,1,0,0,La Nevada,581.2,0.161
293220676,145.3,3,1,33,6,1,0,Rosario,228.8,0.1
142945742,107.4,2,1,38,2,1,0,Los Fundadores,452.8,0.077
214484687,123.0,3,1,18,3,0,0,Villa Miriam,596.5,0.151
317877785,150.2,4,2,22,6,1,1,Rosario,312.9,0.082
236323753,119.8,1,1,16,6,1,0,Rosario,374.1,0.083
270717701,119.4,5,2,29,5,0,0,Los Cortijos,248.6,0.097
323258912,135.0,3,1,29,6,1,1,Rosario,344.8,0.094
224841521,91.5,5,2,7,3,0,0,Villa Miriam,460.0,0.144
261331959,107.1,4,2,25,4,1,0,Novalito,414.8,0.105
376931935,127.1,7,3,9,5,1,0,Los Cortijos,496.6,0.089
259685078,125.7,2,1,5,4,1,0,Novalito,554.6,0.121
316702195,148.5,7,3,39,3,1,0,Villa Miriam,387.7,0.106
115221859,95.4,0,1,3,1,1,0,La Nevada,481.1,0.134
138697576,98.0,2,1,24,1,0,0,La Nevada,372.0,0.132
195877965,114.7,1,1,9,3,0,1,Villa Miriam,514.5,0.13
169229617,85.3,5,2,26,1,1,0,La Nevada,528.6,0.156
196888504,103.1,1,1,12,4,0,1,Novalito,515.6,0.109
298239803,151.7,2,1,26,6,1,0,Rosario,193.0,0.073
72451508,76.6,1,1,19,1,0,0,La Nevada,546.6,0.147
385374886,143.2,8,4,20,5,1,0,Los Cortijos,401.7,0.095
